State Code,State Name,Region,Urban_Employability(%),Rural_Employability(%),Male_Employability(%),Female_Employability(%),Age_Group_18_25(%),Age_Group_26_35(%),Graduate(%),Diploma(%),ITI(%),Engineering_Stream(%),Commerce_Stream(%),Arts_Stream(%),Service_Sector(%),Manufacturing_Sector(%),Agriculture_Sector(%),Emp. Ex./UEEIGs,Registration (in '000),Vacancies Notified (in '000),Submission (in '000),Placement (in '000),Live Register (LR) (in '000),% of LR to Total LR,% of Placement to Submission,Year
1,Jammu & Kashmir,North,60.44456684115445,47.56809585668269,57.434478802206186,46.834434139474894,47.92451030014143,55.98659592343217,64.06138231686018,51.173574206986125,43.68592359160537,62.318976533741484,55.72865509558598,46.80988538287611,53.356963932403126,42.8452673020099,33.88910768157585,35.5951529789465,46.998289823151154,0.18113129039734302,0.26509666999218545,0.17491570667519296,167.95299819249863,0.358374410636497,60.11107436254833,2018
1,Jammu & Kashmir,North,65.94115153326251,52.701308314607864,61.30599235609681,49.572161534050956,52.42556937957529,61.54025304361984,68.95213485540624,56.2623205004409,50.5194904829578,67.13225496418785,63.730402998095734,52.27531171356321,58.94163282261013,50.168071297244936,38.124276823181404,40.305927796947245,53.47743805395511,0.20196980505603263,0.3017350118634469,0.2098212005596436,178.98755481710472,0.39575202435998547,65.86873053774937,2020
1,Jammu & Kashmir,North,73.39645840828246,59.83631872651889,67.90493200452244,56.81640508141438,60.40024443425903,68.58765577538726,72.67902426330495,60.85116331189967,55.298160121192886,75.3155378301156,67.37595943059449,57.16698496598141,65.99112479440292,55.0453928557713,42.69499625891241,43.67719451760308,58.17062439443122,0.21594139518820663,0.34066147955049836,0.21858178993547014,204.28475847616463,0.45338758125691764,74.83492141194232,2022
2,Himachal Pradesh,North,58.14457642110249,47.18065888080298,56.82578621673098,44.403746838123126,48.51179719166688,55.574281473841346,61.73771636275675,49.79347973487277,45.73370935873688,61.633357921898124,55.06007520492461,48.02730494193751,51.80346404373078,44.73609746314924,33.7243115730364,35.91979869591295,50.32737307508239,0.4566461992199587,0.6321592403429935,0.538750998550207,211.47874355452848,0.43669330208669316,76.01956832413033,2018
2,Himachal Pradesh,North,65.76121543151686,52.32436964505509,64.49816082919553,51.93470929046975,52.889301465688064,61.459555533619714,69.65055346781324,55.381510190405315,49.6202731814004,68.77800453856628,60.60531985625346,54.12488046139656,61.119135654252716,48.89333919642046,38.69759278324993,41.23440962039442,56.07258486404555,0.5065854427267283,0.7281428635427288,0.5978766332700713,232.62565062782218,0.48620680771985475,84.44718591153955,2020
2,Himachal Pradesh,North,72.5185394824935,58.770749285332485,69.2664648895422,54.545987232728834,59.231770874586324,67.12882028715526,77.70289731168465,61.02759148972839,54.11685010903093,75.77691482242005,68.3940056611569,58.427631340703954,64.28357505370397,55.39884275693094,41.74514943434829,45.21399438075086,63.645963595446034,0.5389963554293388,0.7595627274539173,0.6667835836154977,260.9739689315115,0.5538569310920093,95.19231341518041,2022
3,Punjab,North,59.298615391161135,48.70849460381285,57.08966314037063,43.847396498775275,48.462092862527186,55.816782434531646,61.25926287562,51.016569699151596,45.00934157884142,62.79826838687027,55.30588028637453,46.9577943048206,53.45180176415058,45.41921070826602,34.76361968503261,42.142932505742415,58.525717036114784,0.08784682807665481,0.18292509296061912,0.09244123205142749,524.0341961659173,1.1934826698106735,45.325472422542866,2018
3,Punjab,North,66.45594112607785,54.90223133532886,62.34780976321443,50.72602583115529,53.48242750120215,63.9854915918101,72.48716674770559,55.40542697432924,48.52034934633214,69.93050040158462,63.35236436203289,54.43904269202283,59.68903525868464,49.14430083012081,39.46071076794,48.04218136574793,67.5912413009925,0.1010145480622146,0.20426669875835662,0.10233859118089135,599.2187381534796,1.3168664570773307,49.832881919683146,2020
3,Punjab,North,74.07859750850588,59.593910015720965,69.86800865850293,55.2819627457188,59.641619246315614,71.36233766048093,75.69866197299126,60.399379896645776,55.09343296149137,75.16858558592193,65.7625793742307,58.72877203710874,64.20514401463181,54.35140925557077,43.18483912362822,51.896976668891554,74.18792800847442,0.10904192998474636,0.2222576655119748,0.10942899730931539,650.8876086109212,1.4475995100427734,53.97101742775095,2022
4,Chandigarh,North,59.07779165373767,48.044771407655034,58.44413346637241,45.41743413044905,49.656751840548885,53.302786757899035,63.12080291043404,50.48774344478407,43.8362755168891,61.763141037468266,54.013984971073995,47.04241006599355,53.47925355094547,45.866803593864695,34.7361743067719,35.4178846059169,77.78153898171125,0.09164772381186373,0.09059175199738745,0.08904643163321935,530.1771523244712,1.1722716146547445,45.8717804914796,2018
4,Chandigarh,North,66.69512920295631,54.27889950449886,61.97066105455608,50.872360041961635,53.07912747080972,62.535931028668514,70.76426357039807,56.2140309561823,49.04550781719303,66.6369970868575,63.43281695753403,53.17775839019813,61.55264057350045,49.19529954739653,39.170937255577876,40.199506946968604,90.05423342646702,0.09980940893522611,0.10055804305154069,0.10121579301943309,585.2762355942494,1.2883927260216863,50.194089992898306,2020
4,Chandigarh,North,74.73879183596408,57.67506662299703,70.41996810841768,55.958056205188896,61.013542187587866,68.4427342742387,75.36973710349258,61.576075045546325,53.57317219410466,76.55551244622667,66.5275729133997,56.532996805885965,63.51399180779021,55.48488496765923,44.367706273675296,43.90808468768702,95.70576099844126,0.11015411475884901,0.11255613226573803,0.10795982310478075,644.4678449843184,1.4578906522117776,55.55120358693383,2022
5,Uttarakhand,North,59.00964244662881,47.38741031214573,56.255349354348134,44.11966491214791,48.43516382681318,56.54368718120237,62.10635091314993,50.16353616955785,42.851643005511534,61.131344317030305,55.864446168907385,46.49184798058557,52.9287145742107,44.91000931342176,36.424102502649795,18.062848012619465,58.16808882222252,0.0898659973516209,0.08654621181246173,0.08995227502419141,246.62673015229544,0.5666030148148411,89.65375026339397,2018
5,Uttarakhand,North,67.9279302273135,51.911893782624276,63.167541789425066,49.792877976911434,54.77869989294958,60.59601636902028,68.22868785076521,56.42247730007226,50.53421354864966,68.40992214233,61.8060005916335,54.47521492291261,57.29134359750883,47.32318210294612,39.343211271041596,19.799178310258956,62.9866945971699,0.1014167128945987,0.10048760142754241,0.09887184273852655,266.69161372167554,0.6104694879393616,101.30040235591733,2020
5,Uttarakhand,North,73.42735790508397,59.467219743933285,65.55332004190306,56.30311947999884,58.08015292095902,66.23287976682238,76.67600554607893,63.292347327640776,53.75183050123135,76.78598194263485,70.96688260473438,59.268726193889584,67.02867395912408,55.2581768377773,42.96472206217757,21.295135042765246,70.38192000429137,0.10814485749030439,0.11477607397849521,0.10961305121264887,301.8118654235721,0.6672796069637342,110.0959253820194,2022
6,Haryana,North,60.21095216877333,47.6668849717012,55.37471910533946,46.48882593839416,48.874111510477356,57.13991094042342,60.97054078114493,51.81401666542358,42.86356736261721,62.37359479665574,58.71426257903623,46.3139431727515,52.49859181116186,44.63878936629309,34.74656009081043,56.68572378565262,118.15179490794726,0.8808785331529302,0.9085246637514334,0.7067602910270333,630.3216679439115,1.3288521611069217,71.53623141666382,2018
6,Haryana,North,66.36809610117342,54.95743521581053,61.65169319442905,48.959219577366014,52.75965836522707,62.44301747955563,69.3358084400653,55.729815615200906,49.34501428858401,66.78539098885909,64.30470575509158,52.4137412626878,60.31840908127399,49.83929809291393,39.35626751093995,65.74069746430186,132.27389184436538,1.0128544551973508,1.0265830506026485,0.8031443387152235,688.9325250505975,1.4973079291713833,82.30418754471916,2020
6,Haryana,North,75.62985967215019,57.57399084421763,69.56972593295882,54.725115179289475,57.29633350429323,67.90881750000523,75.84377814208051,61.07109965939475,53.15357018369599,73.23067958224655,68.63572983763555,56.0120479679942,65.8865526408691,54.53977689094568,41.649420813459095,71.05783101981869,142.04063049499564,1.1070218392292221,1.1294899098125093,0.846996964534235,748.9490187424266,1.644715617746301,89.18155853455282,2022
7,Delhi,North,71.34217817318702,54.42635542285971,67.80707091171557,60.952885592087526,58.36137521911916,67.74925570901861,72.37423122371773,62.156951195055434,52.66409323225167,70.09854247715865,66.38583121722061,57.03678061944644,63.3156209914358,51.6554558629439,42.612458640556184,8.137625098940081,3.168463565817817,0.0,0.0,0.0,1077.5495926922572,2.461908505379604,0.0,2018
7,Delhi,North,76.94482800878754,64.23316613680942,74.93976307403348,64.11137686520418,67.17165991598046,73.97842251378768,81.34502967838196,67.11243138814875,59.46457988014226,76.97673483048715,72.33963277389635,59.94591204844751,67.78253604711999,57.86687270800449,48.75436815230479,9.076582361121295,3.432311669980955,0.0,0.0,0.0,1263.3783603423483,2.7473775636910864,0.0,2020
7,Delhi,North,86.16584541405588,67.17431383150826,81.97356100615008,71.44417045592134,75.28603452229434,82.5351642203087,91.34609560692529,74.70925142253334,65.06490306767819,85.33586266900143,77.40415767993296,67.1043875829944,77.41137504255768,63.33794117913035,51.13026261865407,10.077217586187071,3.8128042990203754,0.0,0.0,0.0,1341.904237527557,2.9170631818103323,0.0,2022
8,Rajasthan,West,60.79214027067972,48.80530018237307,55.76934625098916,46.32570890148309,48.54750803263985,57.1748176799938,64.45581688445621,50.152648779069104,43.435204703036696,60.55322870827173,55.332213429413876,47.17713888460367,53.462303397255276,44.796531502203045,35.68068264082329,70.21825465619658,175.32277201450583,0.17904723540034337,0.2846889134995839,0.09112620122597702,865.8182553080353,1.8495202635732901,30.259193965696763,2018
8,Rajasthan,West,66.53575816586272,53.2208857764244,60.4274140657854,50.250350843654196,52.770276854642354,61.24797498763135,68.61208159581739,58.01340891007146,49.62802600404167,67.71748478399758,63.2157284766952,53.969323208415304,60.091067745837066,49.55903406622097,38.49538931338965,79.0892283692372,190.78973566920678,0.20358077288011095,0.3038110308100918,0.10209910543063867,968.3222354984903,2.155330550756642,33.43160133672514,2020
8,Rajasthan,West,72.09787869394835,58.053822141526915,67.93176917536847,55.40417350956046,58.94045466624247,68.44082302501388,74.91329608231,61.80778255586302,54.376412020235826,73.70676859029365,70.69003202215112,57.636130707211684,64.92446681058242,55.221245506926394,43.10009944062409,87.43558246379514,209.42575729839953,0.2173052755515821,0.33238592326636024,0.10748380234389456,1079.0176812803095,2.308464774432226,36.47753359036214,2022
9,Uttar Pradesh,North,44.79888349320674,34.68837633795899,47.24295041660084,34.1501850237427,35.39030852299075,46.254835747649686,53.51776385176761,41.193683023402016,36.15414749577375,48.266718609075134,45.15586283326606,38.091299939075,39.78407547667708,34.30514797246674,27.03143270796084,121.36086178018873,313.175079594006,0.8190847093271654,0.9194949223771551,0.4594842184683141,942.0673804619579,2.119485958275667,45.463531740487795,2018
9,Uttar Pradesh,North,52.075260872625265,37.47621725825193,53.80540235529186,38.15041219543161,39.478865597108445,52.48708101590242,59.61558323016682,45.38174935176172,40.4182683904284,54.368929995667564,49.975645407739016,43.799507101233964,46.55478885309064,38.33160598895226,30.02280208690092,138.3312864617424,349.7394091915672,0.8815897338264287,0.9948524692515331,0.4833141592612241,1084.9944753834463,2.4310654051057314,49.51681353770063,2020
9,Uttar Pradesh,North,54.858608737417185,40.22677419796398,56.57225870554434,41.87761833735397,44.140673624957714,57.10173078568034,67.67073434994141,48.64248690026765,44.85312233646353,61.01690517786475,54.28914995917182,47.840387264771195,48.31829953656109,42.56841288913797,33.66038432990836,149.76399704524331,390.634128745789,0.9850490790109409,1.106351259844157,0.5528635402264834,1180.8594615549846,2.6828106768228364,55.872837592607446,2022
10,Bihar,East,38.18842217888963,31.82448004237281,43.620712507430326,27.30828087577431,32.21540635331378,38.52122533320087,45.58625212617522,35.77300614385895,31.97815060891076,39.87401157622457,37.62096513330456,31.194220964867664,36.05894938035815,31.074907188604065,24.258898342933758,42.88057612105684,193.70397582445358,0.0,0.0,0.0,693.2087875946529,1.508111706496645,0.0,2018
10,Bihar,East,43.32214888116363,34.14196403589836,43.68206260781116,30.13467109113598,35.73296881182851,43.414499260824606,49.54111573713106,40.86294466674504,34.973044071349506,44.84463543005326,42.7422743474888,35.456626014889395,38.7388862744126,33.97451663081909,28.772851158322574,46.41197106058104,224.16053411672962,0.0,0.0,0.0,776.6259616951834,1.6991311615862907,0.0,2020
10,Bihar,East,44.584356456727924,39.504341987016176,47.85413293184469,33.68148049486549,39.36756295535724,45.19194701848116,54.54810428324996,43.026979891732374,38.33451080667768,49.195046058656125,46.92040633181688,39.508937734512095,45.22820175349516,35.891866012704156,30.671119325773375,49.95932490924354,240.69703893864747,0.0,0.0,0.0,855.6594669742866,1.8690124246897364,0.0,2022
11,Sikkim,East,58.975751141834586,47.90650149446121,56.751678466450926,44.85769528402631,50.214618158020286,56.96315890010776,59.58477290737125,50.58794594928758,43.516304338074285,62.70105030180374,55.35841416926321,47.14157406281378,53.63629649027725,45.32138787800559,34.257391922246846,35.75915911019452,77.82367093804166,0.08882400738136732,0.09317781763250599,0.09072896707972974,511.5560141920903,1.191477969561082,46.909940577311374,2018
11,Sikkim,East,67.2229882056106,52.60714880798873,63.97234037541692,47.62297195316363,54.72917929939815,60.325357776527376,68.49983150086368,54.74596971801871,47.731212153793514,70.09033269870858,61.91537349836013,52.86382907581726,58.94463371692256,49.972270418950885,39.059921075027,38.973606220649145,89.03948186675471,0.09901248683367737,0.0968868362026805,0.09914376967806818,600.6018606783773,1.3221057652949508,49.651347865592136,2020
11,Sikkim,East,71.96555005035464,58.79445517784513,68.64325866495972,55.533943527054234,59.49297655990036,68.75883062099004,75.23756621818067,61.464960721563386,53.804744729976655,74.79239337796764,68.39415541383273,59.59643748193296,65.62807344342774,54.12822193366625,43.49798687907022,43.70623884901471,98.2831031789489,0.11081321282283582,0.10976393528319071,0.11098497723678263,621.258486546035,1.3977744503891798,53.68668249296105,2022
12,Arunachal Pradesh,NorthEastern,61.08586091687973,46.250521052479876,56.15087856136967,46.601622234610645,47.46851430460911,56.74929685666451,63.062095494359234,49.465654084649294,44.047498635953495,57.65351736969483,55.09756390349892,47.01132309693346,51.77485426075333,46.00447847180309,34.09604075267164,10.704950390873453,53.23884649307783,0.0,0.0,0.0,108.5622139288613,0.2646998532843411,0.0,2018
12,Arunachal Pradesh,NorthEastern,66.03548725325649,52.659066845709575,65.61670245928667,50.885754806753866,53.96014456249445,63.787854317539804,69.32952903945659,55.70987279668081,48.80757714789672,68.40190627460274,62.4534722043627,53.26401102081883,59.06129614525262,50.22531367644342,38.93704106751531,12.01887244567586,56.642123192252114,0.0,0.0,0.0,113.61423202779682,0.31253024822868436,0.0,2020
12,Arunachal Pradesh,NorthEastern,73.3591257476393,60.32011248939962,72.39258200262299,56.25887477370069,59.43949394700963,66.27354561553999,75.07622117200376,60.62945041764906,53.230726289085304,75.09660726539273,68.10087545566645,55.46390871901597,65.87078751244057,53.28178284496935,43.10527380940738,13.747557824813995,63.70663880012083,0.0,0.0,0.0,137.8558874655381,0.3218849726766141,0.0,2022
13,Nagaland,NorthEastern,60.08827445560144,47.12739309919051,56.77915556437869,45.09974994045267,48.25931720347695,56.994897008836176,64.06983288565253,49.15228197718253,45.98133543644683,59.243075743188754,56.07924176808497,47.80595976012793,53.39841336353461,43.99517472783985,34.9538981802492,7.129007865409128,8.44921862656254,0.0,0.0,0.0,39.5795288631369,0.09055313913757791,0.0,2018
13,Nagaland,NorthEastern,67.97388314626089,51.89769971724694,63.772095120378836,49.43605028119461,52.832567212055494,64.89253919233349,68.73685828694659,56.24352481796129,49.85266637607498,69.17908418652247,62.68802363142947,52.883209052589535,61.836030390581165,49.44295739093675,39.156857256437675,8.168104703361218,9.710049927262016,0.0,0.0,0.0,44.61128484390815,0.09770730921396263,0.0,2020
13,Nagaland,NorthEastern,72.46925080173078,58.17646421888138,72.96505987896562,53.88019996515299,59.148651581579124,69.39307811117747,77.54822364125792,61.72071524507615,54.232078481585425,74.75978560889537,69.12004954421202,57.3536129218005,65.70680031303317,54.04749434404848,43.22355213796808,8.794849744791446,10.685344502411384,0.0,0.0,0.0,46.65919202126018,0.10856171405497261,0.0,2022
14,Manipur,NorthEastern,60.60366572378257,46.909138759580344,56.064754700416636,46.129289887057055,48.73778656561243,56.226485706790335,62.24572061006951,51.68788621495473,43.5782340350468,62.32457107098266,56.02253326601187,47.044291262950274,54.2669010168104,45.28544596694834,35.67108376447245,10.158484803816556,7.293062360110056,0.0,0.0,0.0,62.02812806897747,0.1803491854739738,0.0,2018
14,Manipur,NorthEastern,65.49681311947425,52.93201335261143,63.41424063698239,50.82457078760477,53.951455207031756,64.51713908632331,69.62587733608929,55.72654456847447,49.944805424922585,70.12957456982676,60.96549023107876,53.12727007334236,59.82738383592686,49.205412131673604,40.07305131438306,10.966987770852844,8.12034338546239,0.0,0.0,0.0,67.10984968025468,0.2063780202528999,0.0,2020
14,Manipur,NorthEastern,75.1608029303089,55.80980386650084,73.64891946765276,56.72327911487239,59.11275220193003,68.6745207491526,76.33347108563392,62.24202283176336,54.595542401654164,76.1872959302672,68.87317343672598,57.52207412454505,64.70364727781775,54.237744882695935,43.87277474311194,12.24364072679197,8.386022745302824,0.0,0.0,0.0,75.41937424761427,0.2249460959679385,0.0,2022
15,Mizoram,NorthEastern,58.87058984216954,49.69613746100393,55.55917628937934,44.346302550975956,49.26526077118056,57.140620530708304,62.87515681277878,51.033372273338394,44.08919834634902,60.54368535995796,56.33528012796794,46.61008218262105,54.13557715688965,44.4189718730816,34.52050096785166,5.365290329101477,2.177838638824707,0.0,0.0,0.0,16.8220148080072,0.0,0.0,2018
15,Mizoram,NorthEastern,65.18144817522311,50.71740647958006,62.194908197911225,49.16367930865842,55.256956221345916,63.762271361678295,68.05035252365474,58.52272810198563,49.96213017725176,68.05498100459319,59.37574285640804,54.905489701220276,57.36030448921896,47.871055240512675,39.79760493696752,6.292770288760712,2.466445095288505,0.0,0.0,0.0,18.88232143540068,0.0,0.0,2020
15,Mizoram,NorthEastern,72.01927997197407,58.774622966787206,67.95328376592579,54.0172442189195,58.11235382665761,69.9357910245263,77.34684381888091,62.23212123755987,54.68165325822215,76.12788067868225,67.86796280656844,58.24887053909841,65.93893156374554,55.27142325816698,43.92008767272525,6.693496107830541,2.658556465358196,0.0,0.0,0.0,20.393272998354217,0.0,0.0,2022
16,Tripura,NorthEastern,60.127763775017094,46.318527538211555,55.103936079856986,44.79693420288154,47.94445039290149,56.599771011297754,63.93239242145135,51.26452090018764,43.95893421657226,61.626553015655986,55.12215446478246,47.232505086487194,52.79344452546682,44.83754223726124,34.51928387762627,11.821527084332434,20.314205679505616,0.0,0.0,0.0,84.18896837102098,0.18080673293451752,0.0,2018
16,Tripura,NorthEastern,66.41675113989363,52.20079753580133,62.64634940314786,48.79011361766266,53.39477659932962,61.264261116061355,67.47704674224224,56.2014814492919,50.3641622406177,69.75809375022317,60.53687424547103,51.46089045660115,60.1101100018261,48.52733748039707,38.82478614300232,13.143013545746385,21.475865128769726,0.0,0.0,0.0,94.90310872779283,0.19362802506587334,0.0,2020
16,Tripura,NorthEastern,72.9385691847432,57.37603837211405,68.8731653199203,53.44619410501435,59.101046693577956,68.75165752862306,74.65965945803849,62.41219066350873,54.91070060836143,72.92740728439597,67.70125342947145,56.86164058599567,63.6800057747607,55.35329810286367,42.73369717293294,14.224348755385167,23.124539112828824,0.0,0.0,0.0,104.30544619548807,0.2259868978216901,0.0,2022
17,Meghalaya,NorthEastern,59.96691828996295,46.96254866620189,56.72779453760964,45.90268044674212,49.547451294306626,57.32917967934586,64.77425261222936,49.62651365660884,44.869386801587645,61.87606069307539,58.713528299869886,46.48615812033938,52.20821540360402,44.01594115290938,33.60902520153452,10.686436915316955,4.786212305296981,0.0,0.0,0.0,22.927690727183723,0.08896157341980769,0.0,2018
17,Meghalaya,NorthEastern,66.47388172742751,53.585639351682175,63.28213180892148,51.877781834273584,53.63399021783326,61.96324307359343,69.16877055418456,56.608493792520754,49.047882868919196,68.55561061694932,61.62251039024155,51.803954036571504,57.34492577927636,51.232080975755075,38.0297866763948,11.833702752528982,5.322412015318527,0.0,0.0,0.0,24.663254687878066,0.10055798832444761,0.0,2020
17,Meghalaya,NorthEastern,68.73245371603414,58.51436856918282,71.79550849757406,56.92646939811572,59.09676913177823,68.07400024475594,77.12521210169544,60.4005910819641,54.413513675366005,76.11174352986413,70.20778862281095,60.93740734494231,65.40935592539805,53.895738611604536,42.87805724013928,12.732963961109274,5.857468080026621,0.0,0.0,0.0,27.04766903718979,0.11246626746811386,0.0,2022
18,Assam,NorthEastern,60.438827248293286,46.44049752050231,58.77687424047884,46.52211106973565,47.69818384702317,54.322723654772766,63.78150948871344,50.28454383598536,45.191753987160595,59.68407069670654,55.575703099177005,47.25495529623368,53.149893390578164,44.148991664911996,35.53724065250795,45.800707278097896,181.82077049402434,0.09021653213708143,0.18185197980261153,0.09128090678056,935.533000791713,2.006487673331545,46.14990913970866,2018
18,Assam,NorthEastern,69.35304833993861,51.74114567582872,63.390374094886056,51.14011464974142,53.9427650342731,62.26839042640287,68.82084743436788,56.0490688486166,48.855938038404084,69.82051439000902,65.26315375198918,51.91463362574177,57.38363248409669,49.41260077213226,41.01217328337037,51.16417844931148,209.24170129565934,0.10335540162815289,0.19778564703316803,0.10113796615837055,1098.0327393806979,2.282560123914575,49.796419639897636,2020
18,Assam,NorthEastern,73.13639363017421,57.91767476054594,69.51509428782855,56.466684172045746,57.82938773610827,67.84508982752152,75.43894388831703,59.94188702228101,53.016840027220226,74.63233514356821,69.95228512348001,58.053258334997224,65.15127970495507,55.376627880800925,42.78213500555332,57.64669178831865,222.39992000282928,0.11058379716867921,0.21743586190650907,0.10463460225179187,1166.5985658564841,2.6019910556866566,56.01883694246576,2022
19,West Bengal,East,54.358899132937964,41.66678039007316,53.81940266244552,40.59369645377722,44.21891276703114,49.56684329659601,60.91107507211193,46.57980675819889,40.29833903973195,55.04929662703071,52.8737724913669,44.38249766570795,48.5447257740257,41.968050608878706,32.16680742671524,66.86238707181755,352.18349978622405,0.0,0.0,0.0,1225.550088411677,2.613867747537912,0.0,2018
19,West Bengal,East,59.301982903261624,46.04612867314871,57.24683804772343,43.89845375991397,48.032720129528855,54.15302944583549,65.30392168532798,48.44410435379638,45.297792208993016,61.000234753930705,55.68726665461711,48.35909430705367,56.35043589172063,44.88713026280409,36.17080067078639,77.64528927442372,395.1486249642406,0.0,0.0,0.0,1336.244708440282,2.8466009316013965,0.0,2020
19,West Bengal,East,67.27432467966034,52.97815916634763,63.9131270860668,49.69534255033155,52.14775959842133,60.11755184420728,72.38055274417273,56.3242728808857,49.36194818707582,65.40575017039613,63.800673675501024,53.43487432686915,58.752935672478415,48.27626487542511,38.07608662589148,82.63211315050141,436.39942299322513,0.0,0.0,0.0,1463.7030447336938,3.2091702641431707,0.0,2022
20,Jharkhand,East,58.19801855451677,46.074973152855186,56.63700890945124,45.799115493085836,48.11851495758539,53.924127637455136,61.989312910925115,49.08509474349111,44.690651188068095,62.10201563743741,55.19263524038172,46.76439576311682,51.97511523975393,44.49415292432961,35.77050990899187,37.054791108970335,38.18105916573149,0.0,0.08857282890192779,0.0898073453520818,141.10663867525184,0.35601372500150036,87.84381979334007,2018
20,Jharkhand,East,64.61975971911637,52.88210037497038,61.861076371754365,49.75711475798433,54.82261969747517,63.86413765074283,69.84061060685191,54.776609703566706,48.6899197192991,70.16194384897148,62.67714614204988,54.93529601698078,59.464115050485354,49.69012862532514,38.75888915792205,42.112174360017114,41.871925337440345,0.0,0.10191340463358918,0.0984280210789841,155.837392082708,0.3853103570151737,101.01598265382509,2020
20,Jharkhand,East,71.48388714868675,59.51160434413203,69.19499069886186,56.29490396575499,57.588424036711736,66.6135816967279,77.141556500882,62.063736536152156,52.927588424402614,74.03941773651904,70.2974728285703,56.376229263738246,67.03218949332624,53.46922401996848,43.447740272172,45.896356528407935,46.75734518632009,0.0,0.10964185560664097,0.1100900221858706,172.5800953432465,0.4465192542396971,108.87093015376252,2022
21,Odisha,East,62.20177598410092,47.73364142858104,55.90651127393641,45.644507738857406,48.04182808814773,56.001409200525124,62.862795041453936,51.16356777172768,43.63209798780751,60.940016109285104,55.9405668407044,45.07468449932487,51.49086709194514,45.76788497229308,36.254767334877904,35.82069405151941,144.56803042319862,0.09056025027817838,0.19108397091043888,0.09201523484058224,617.9749475404435,1.3242004081037886,43.55419831176819,2018
21,Odisha,East,65.03252241378875,50.71793597147037,63.489609041709016,53.01792951260712,53.49350412465231,63.54811346806455,69.11292451479565,55.88924358842592,49.90069495332801,68.10232387446155,62.83424039258988,52.83778269650581,58.2116532647012,50.48212192604116,38.863531389777584,39.39540387240572,160.5039552631796,0.09820306403641793,0.20011272462947655,0.0999817620067116,703.3506101503691,1.5142409469863987,49.974973041254856,2020
21,Odisha,East,72.81555832385756,57.14058862920648,65.74860554890971,55.33776815575121,61.689648351238404,69.82883089585978,75.87076274356319,61.27611849841542,53.924218232451395,76.17450850656905,67.12638237895034,59.037041557342555,65.82856494744274,55.23210425529594,43.27621218389876,44.01726265877071,177.0307080139737,0.11130199109423104,0.21844222087185952,0.10873807609962682,758.7825932204837,1.7011176649993411,53.636982216780716,2022
22,Chhattisgarh,Central,60.093545972133064,46.97844138899878,55.087164293316235,44.86226524822355,47.108469272519336,58.148034339456636,63.19499657813122,50.39196357755285,45.405310730501,61.74539512332951,55.2810552735057,48.68935225301983,53.67232246639311,43.625813676495135,34.96638224798531,26.52716614317223,130.0412872796166,0.0,0.0,0.0,803.1017529802036,1.6877480241360334,0.0,2018
22,Chhattisgarh,Central,67.58762917793638,54.473620001958345,63.70284098600334,50.51045614604181,52.096335231385325,61.16860792115578,68.57878990799055,55.317346333581604,48.81676812307426,68.57761039710904,63.16211594294591,52.425976283037954,59.57407193971491,49.563829670662024,37.45913607824398,29.43639876370875,148.17177178439536,0.0,0.0,0.0,903.9087091587542,1.891889170904652,0.0,2020
22,Chhattisgarh,Central,71.00301053620419,58.49211114088179,69.37053035477246,55.74258258911553,59.1371329139383,68.44309689987713,78.16161269979796,59.62768629851694,53.006880207286905,75.1943950764554,66.49061538466302,57.54688816288097,67.05658827511498,54.4727453857543,43.097941377106636,32.1682912549861,161.44499128483736,0.0,0.0,0.0,981.4663450236449,2.0435410574000317,0.0,2022
23,Madhya Pradesh,Central,59.140904472686074,46.875752805725455,56.75502352608944,44.694666344182366,48.41044992322598,56.193482126869725,61.80322652579192,49.485175828662065,43.59128768643873,62.58139738144315,56.81353183607743,46.32621029366537,53.20549090836584,45.21948592692427,33.9280774926528,71.87265819356428,224.14956773835723,0.36410831041387076,0.5317568011093409,0.2602536366564116,997.3917024732872,2.2521638225997624,45.23375025154933,2018
23,Madhya Pradesh,Central,66.69772771807881,52.642688870614876,62.22711264393841,50.19450561664699,53.08465080416088,62.71302027796936,69.22159209384881,56.003411542571826,49.428199406351425,70.1311853964573,63.68694266930165,50.9408571331276,55.986373060815694,50.424976712126885,37.93383461523597,78.64487066500956,246.49326944445235,0.38558415649935984,0.6064975527384574,0.3045549309618159,1132.2921467193507,2.3704478853927546,49.45375555174752,2020
23,Madhya Pradesh,Central,73.87889841805081,59.6294137789158,71.49062939158378,54.42223035287924,57.89562070930543,67.02083044399241,75.54475785387561,62.17455351731789,54.964346608883055,75.23554180737072,68.31020965552459,57.925280481047295,63.81598451368424,56.72550766792561,41.52062683873271,87.22107912612077,288.87668061413837,0.44005983863212805,0.6574914847379804,0.3276408602094512,1255.5039492279057,2.8255066661072092,52.56695189753755,2022
24,Gujarat,West,57.441949548627846,47.397722541415625,53.075650971628676,44.041717617593065,45.66648883702235,53.29601700357367,61.25801597369129,47.763678208944,42.86774400978543,59.677362586780895,53.376956780915,45.75212290085863,51.020586043737445,44.56728728492128,35.186032936530005,41.064499151890026,106.19014065964363,0.4551936491446249,0.5378071098307357,0.36267225028827343,572.5986037155902,1.2621820626443172,59.84309391118827,2018
24,Gujarat,West,65.50934520702332,50.46193196847491,61.223699102130574,48.984996347810466,52.60246315958513,60.14349644209698,66.67662624040109,55.29229722179765,47.84781160989411,64.9645040986371,58.88007844911216,49.55671774880849,56.9736288517288,48.83051286127505,39.300898444908185,46.682974902785894,116.03067976789158,0.5147117032749361,0.5974881158741776,0.3946474180907207,657.3939723736614,1.3830427648873678,69.13589695787162,2020
24,Gujarat,West,73.69281019285374,55.57099301759704,66.74215257416742,53.437274514918045,57.87330494061771,63.89047585551346,75.4914103084586,61.80487983246479,51.360488251149995,71.77127981968286,65.12618352530848,55.468475926812346,63.824432563982505,53.20847711205024,42.20786123015222,54.70539160393481,131.38643397818174,0.55791733736363,0.6429287969561007,0.4315833598840016,715.0930521450093,1.5857107736789078,73.89182702800808,2022
25,Dadra & Nagar Haveli,West,61.24783512780679,47.942717484509366,57.08284141879328,45.07560383779468,47.680435206218185,55.763372038702926,62.589909560833846,49.975647643333176,44.35558142378263,64.20896918472982,57.23001529136065,46.941907762101394,54.37568918533811,44.186404842637806,33.669236576305146,35.27417785613947,75.63023757529996,0.08936727572872565,0.09003315308254121,0.09301758716209552,528.221364329554,1.1648730476258728,45.746465023065134,2018
25,Dadra & Nagar Haveli,West,67.40164140888123,52.48281390736555,65.71820834871454,49.88822792776663,54.29404204804996,62.87411572550812,70.79640297937034,57.74889254033407,49.03136406608445,67.46781751762573,63.07496517867389,51.788398861760285,61.375796952081416,49.6351699777719,38.715049189976554,40.14774424469192,84.94791749848115,0.0980567719229787,0.10240082781588887,0.0986862114420572,570.8909241199632,1.3139529715657097,51.18570415466299,2020
25,Dadra & Nagar Haveli,West,72.69199610134463,58.299173778723635,67.56693488071798,56.22161652758082,59.88850601435465,68.12837579235452,75.18647601970108,61.92756197893134,53.42921612454824,75.25033814975889,71.63711746010397,57.464685315638384,64.43487448267645,53.744826973663315,43.538516711546954,43.84052272756807,94.78281414259988,0.11290686887100063,0.11312312660993001,0.10867906815537486,617.4656521959558,1.4588148915293362,54.24690719166401,2022
27,Maharashtra,West,58.493570381774354,48.82901735048153,59.40191227684776,45.41604327395007,50.632316502774856,58.89604079676847,62.476737228484986,52.86062426821496,47.043623572023954,65.0356986665558,58.790418085971396,49.045232709455156,53.08216808097802,45.74730223488982,35.38361964534562,82.01722549656536,284.26815072407885,0.45431081843171756,0.5436035507370991,0.36747028759865696,2217.8738190918843,4.8337681562894845,58.85489628283177,2018
27,Maharashtra,West,68.9777765025045,55.07573150067028,64.0161663848597,50.52131690658848,56.651467017151035,64.58051620950522,69.64883377696293,59.540705204544906,50.55623000940066,72.65647839179752,67.8145030483714,54.292129946581845,61.113408153697485,50.05701312489709,40.214873823090606,93.7818125360708,322.13897645361516,0.5053829607904964,0.6128700880477176,0.39708037816365693,2447.912393824521,5.287160607045728,64.07688030977242,2020
27,Maharashtra,West,75.9827758963475,57.059516664558345,72.776414193768,55.81441931290279,61.38422458407051,71.5204104870061,75.53093329412917,63.280621664705436,55.75495030265238,79.36773681373452,72.33571056207565,62.89149310726374,63.93520107254141,56.7789338324655,44.09183322502043,98.30063433525712,341.4567856645404,0.5479196757014527,0.6721657814774028,0.43887756774067777,2821.4410934564103,5.767600328021876,73.3522606779307,2022
28,Andhra Pradesh,South,59.318180967688896,48.05994467036479,57.55842509127583,44.61175172032254,48.98743050106175,57.77509259115557,62.61348614980383,52.29181017905852,43.41751792639065,60.115340750817026,54.24893971998269,48.663761874357284,53.79493632704801,44.50047405821879,35.296537975676515,14.955600351526696,105.73063599090752,0.0,0.09019691063028881,0.09130637992301766,628.1553902741927,1.3560448686555366,88.57714598019844,2018
28,Andhra Pradesh,South,69.23475548282063,51.83059913233502,62.72122043428193,50.22041856711219,53.828925166655736,63.51967151567411,70.18745341393645,55.346953268802785,48.836220720489315,68.88713453216897,62.189136092270566,54.187712854820994,59.57935044293314,50.227529008189315,39.51704738956058,17.398981111545012,112.40548829149631,0.0,0.10079937590350528,0.09869728621241636,683.9913457581279,1.5175909205626528,102.47656614286727,2020
28,Andhra Pradesh,South,71.31774839082361,58.72399477514072,70.52922592267487,55.08253364722036,55.78484029074986,69.02355370184519,76.56296912153147,62.09809113811282,55.23217320278429,73.73592210476889,69.68529714499437,59.12734617691206,62.59139331595954,54.79810083842577,42.46741370499542,18.669510520259987,124.05667485543849,0.0,0.10851344222584447,0.11007513531847365,743.8945114142113,1.614167770746789,111.49462122250434,2022
29,Karnataka,South,67.22799585170516,54.164833574319935,63.77101169732448,55.72064155677055,55.2294833051028,61.75309792647418,70.0233951641801,57.664195098956576,51.50294505061871,67.8237796598804,64.92723340252037,53.82935146953469,60.67749757038436,48.49801666849243,39.159566095788726,40.25195110249784,78.68521185363984,0.4383903519023305,0.5260131492617129,0.26818676262383334,366.8087176123344,0.8057946201079097,43.6471713421937,2018
29,Karnataka,South,74.03148193356937,58.3582462946148,71.34905662359662,60.28890381538629,65.2260870615837,70.79171350388417,75.25321009571692,64.9642772750138,56.42689739106871,80.01201429636907,70.94245389177794,59.833852819219466,66.33495439864646,54.77007441698537,44.23453159121163,43.48913936417185,88.32765789411839,0.516699045043514,0.6047360583578757,0.2928247016277889,397.9070258469204,0.9215393667596217,49.39021709568062,2020
29,Karnataka,South,79.52976331076171,64.65021475116016,76.60221358255231,63.72193511799641,67.27580181421418,78.83892848069296,84.11631994856431,69.74611879866839,62.16925902048634,87.14429811392895,76.61263011549148,65.21128654300703,76.92786531310097,62.60406859319507,50.469069470273986,48.48258796200295,94.47764485501644,0.5408651115278779,0.666897186189508,0.3327614282578653,446.0013906712776,1.0028789118322157,53.346611668064206,2022
30,Goa,West,59.55584555228912,47.43982171446073,53.64173054690426,45.40064596633531,47.92761004740904,57.0332321604151,64.39640346992212,51.535577549784136,43.86284017493064,60.285653554521524,59.145029778656095,47.30596142014369,53.11479290801155,44.52850454738499,35.23905550205904,2.692204537756107,9.786414922637713,0.4450782695288365,0.44970522056805606,0.26706550623587766,56.42393414799118,0.09019157440984543,53.724624605185475,2018
30,Goa,West,66.32175716832502,53.01556948641295,62.01102812551638,51.1547632381823,53.370585480989675,63.02441555488378,67.7752607946331,55.51004670363778,49.707933730671215,67.98921858163428,64.65870481404176,52.08038200510467,59.26512797638723,50.42326492355436,37.893674728312234,2.8943514712811536,10.66435561079458,0.5126258410342718,0.4944814185410755,0.3153491957140095,62.88227705450781,0.10036910260639408,61.85053194308145,2020
30,Goa,West,74.68899936472863,57.1362613085514,68.76781581707405,55.82797242914564,61.19890063547573,73.02613801450738,76.82100560376873,61.37430176573649,54.47619708906204,76.68769672679188,68.30908201485886,59.82346911607873,65.19863184543044,54.99204222402053,43.471363008262735,3.327824716300554,12.303023601113647,0.5432102149479839,0.5438586807065937,0.3227389820623868,70.57495012188383,0.11171366030772667,66.60426018332049,2022
31,Lakshadweep,South,61.65027960733348,45.17097480279307,57.937768770080076,46.582691439980344,46.15332520619095,55.86447645665961,61.638670444433224,48.981228211724435,43.41396568154485,60.280659982540634,58.221304248851574,48.13421608152436,54.4503915108838,45.193009809062524,34.30740565660551,0.8905586352069641,0.27264262263063077,0.0,0.0,0.0,6.074121933155929,0.0,0.0,2018
31,Lakshadweep,South,69.16810354125164,55.18519379123459,64.52254145054735,51.53430315106958,54.13400383564526,63.472951345208294,68.23936371146662,55.083617250567016,48.996693031737266,68.26684706714084,61.933464938340904,53.23120681982955,60.1272601461132,49.587522817428926,40.15247346322311,0.9771662177173299,0.29883804324432167,0.0,0.0,0.0,6.7834423388598735,0.0,0.0,2020
31,Lakshadweep,South,75.59978242998746,58.29347504204534,70.22687593465123,54.33712032660923,58.39438365018763,69.70636441665295,77.18893700410808,61.23783272047773,53.82281600649701,73.06256426375202,68.25908484889091,58.77839255386535,65.64661611090632,54.99522497058414,42.94270582360127,1.10015538948982,0.3256418804794753,0.0,0.0,0.0,7.401305187536931,0.0,0.0,2022
32,Kerala,South,59.41792349951456,48.8060006324095,55.474074186501724,46.00988546671234,48.72115651142356,55.90176025577176,62.50505721362471,49.138877515003614,44.91499183094049,61.42201566576579,55.66193660191608,48.24131371841587,52.35198700064359,43.29506098494007,34.00724632018622,81.07082794205573,451.27963899369746,2.235807108661725,2.2425657037110422,1.2096970790179868,1236.4864739438383,2.694777491958999,44.50957282187195,2018
32,Kerala,South,65.13783152364216,54.965338120314236,64.53850245636194,51.08791868050331,53.25766201423068,61.300700954095646,68.48635464902195,57.21939845406868,50.84689457981592,70.6142436337329,61.88893822276716,51.32440169504654,59.16624577135523,47.74924502809278,39.25207081706413,88.73726739638838,509.8035523227721,2.3234542527711937,2.626707205541625,1.2861497781687905,1336.088735541295,2.827664267203101,49.97248509494936,2020
32,Kerala,South,72.44946080185971,57.294003459125726,70.26116177191281,55.114473957049846,60.09754512402288,69.59838318066797,76.93765823261832,59.91714256380095,55.20647561624654,75.74370455056943,68.24224393353647,57.91561367978031,62.59444666769799,54.895022911702455,42.01679924597979,95.25147158031837,548.82506718099,2.698749946199468,2.824006133880773,1.4738646125036121,1488.7833404047594,3.187314374798866,53.77182311605648,2022
33,Tamilnadu,South,65.31728040420029,50.36206421995575,64.39016037134081,52.31925366520317,54.16232590237883,60.754938652250246,67.42312340797656,56.14350677408354,46.937716322337764,65.67994968015729,62.109755251083804,52.378383517405574,58.28473949646737,47.71758597214439,38.06277176925342,31.159951401405102,438.0337105876997,0.0,0.08823892900029295,0.09073485496028605,1717.4078296169066,3.9496566463290046,90.85067546834347,2018
33,Tamilnadu,South,74.55204229920444,57.86061032029362,69.36006524077922,57.30143400998033,60.562529107290025,66.64219580270392,75.4526878497292,62.949939545197026,55.32508788179505,74.84976888528007,67.72300369975933,56.98154019936239,63.92505553974818,52.75993237458438,42.308587025725586,35.63950923836328,486.4581665356727,0.0,0.09945775279791487,0.09995726541130313,1945.9776665568695,4.091515337616527,101.7680907927221,2020
33,Tamilnadu,South,81.157525606091,61.40793344478203,76.15563756340447,64.00418325618816,66.66235321174116,76.4716286285901,84.89002372932333,67.70927556714369,57.82465534893454,81.81778248414659,75.189379637848,62.570243610155266,70.13127419170009,58.700856669887166,46.15504522714891,38.525253686466925,535.5899979435343,0.0,0.10796668708260974,0.11195843650447454,2218.042971336429,4.555350628232277,107.9550761075767,2022
34,Puduchery,South,60.156467591973716,48.63748719868402,58.588648020020564,46.37206238910149,46.37723811522763,54.81047591242233,61.323975326501966,50.42629977861252,44.55657525605376,60.75515787838177,56.46011261003671,46.53616312892611,52.45056809322256,43.29666496270824,34.45189026123015,35.02678708395624,77.03651277027141,0.09189655523389412,0.08829108200010251,0.09473828771670731,529.9677660240657,1.1743251652944602,44.22747799783691,2018
34,Puduchery,South,67.48000238313294,52.70179278945469,63.084408303703334,51.021098609881136,51.8280759331314,61.83868415331713,70.09608525787812,54.595195846050444,49.2876867735233,66.64148292766593,63.08303747804191,52.46257644358764,57.0941444572315,50.6530919609126,38.42701857009752,39.351798050388496,87.65019381836521,0.10229727469885744,0.09796835636204321,0.10012335969969595,588.1008580268552,1.3180207457888418,50.17644155527723,2020
34,Puduchery,South,70.96057769980322,57.54207209248156,69.18435497387057,53.93944416091494,57.76497099995151,67.36955861338794,76.2146318060276,61.685432223228666,53.12196691750245,75.61646905431408,67.99831488369252,57.436238347573415,67.0721408132075,55.909762085399684,41.784959298716124,44.73016452773367,97.58836822255655,0.10747382076474427,0.11180131081626071,0.11338345022050762,627.0097707165355,1.4037594193189922,56.119427613527854,2022
35,Andaman,South,60.68827092565256,47.150841513769166,56.83835912980784,47.777116845286336,48.05749431656516,57.54293249207138,61.226654879993646,50.36473160157906,45.66184616063052,60.87694961774768,58.28900462774654,47.91882557900543,52.50266028400029,45.11347529549847,35.78273322363796,36.44770317279639,76.10254887516413,0.08869115308351525,0.0895544664560073,0.08986601982761992,531.3044502014725,1.1741582034218383,43.79819007716091,2018
35,Andaman,South,66.01185297401918,52.12275436611235,63.108541292638435,49.41713959789454,50.37415498266077,63.045699755197084,70.24743008069895,53.35351567219314,48.010463909384264,69.34824133757712,65.07186933713963,52.521833393059175,58.14095652934962,49.31893252330621,40.07240360693559,39.48322865670037,85.90461075638866,0.09903451295563594,0.09809334278348258,0.1002453406319896,602.047000182672,1.308400061101017,49.74764649787371,2020
35,Andaman,South,73.54719763973793,58.94302133692929,69.7720566539311,55.98406316815117,57.28874230497785,70.1900618466045,77.67543760850538,61.3173906033082,53.85313184810066,73.04262099364854,69.45710028952453,58.410726345179846,64.8192760599349,55.67442080889898,42.61336173581922,44.49685321478637,94.07163267110792,0.10994818526807669,0.10961642063261377,0.11049567742849008,636.66963465154,1.4262398837637904,55.90865188858566,2022
36,Telangana,South,60.30509682765413,48.28249880100077,57.334802367953806,46.43242967952915,48.953067034830596,56.76657758913199,62.01285418636836,48.725751379015875,44.478923269274944,61.90607891827212,56.5555261918448,46.043472595849806,51.951917954086426,45.48835919231962,35.072232281992626,31.01707842679205,79.78516214625286,0.270160683153277,0.2750667325522704,0.17814223897841747,250.86133440260969,0.5350074268819855,59.50834382934476,2018
36,Telangana,South,66.11189101234233,51.34301774278154,64.11271831920543,50.42138443101707,53.306886492458034,66.49138445980607,69.41227901354465,55.157994023893394,48.582169555718565,70.07337062159955,62.64158801317221,50.98980812276677,60.084690142798735,48.83853735531639,40.46117226544968,34.734432684685956,87.80734560089269,0.30768609817041065,0.3004071330631644,0.2034110947004889,280.89705339542644,0.5898437201401094,65.8415045236885,2020
36,Telangana,South,72.51101392092049,56.4267311005387,71.72492329122872,57.08479548142514,57.329006807860694,69.69834823221215,75.13648429830306,61.92461624928787,54.217173611076554,74.99674744492332,67.6723222098187,56.95242508457473,63.71078289370536,53.54414561523705,42.842361027137656,36.86461152814516,98.78945588648705,0.33981582462521714,0.32617164860695774,0.2210533798023557,309.0782727490981,0.6662304299761344,73.48145676014006,2022
37,Ladakh,North,59.47992096820804,47.911915618138565,56.15709906303362,46.59148231814634,47.28849316796262,56.03976940031848,61.55385402562348,51.858553707428555,44.2733613128832,62.92226431716482,54.57874458033341,47.50236250124645,54.044787904952095,44.6233150344444,35.84796722329588,0.8906888078981933,0.0,0.0,0.0,0.0,9.261609205881186,0.0,0.0,2018
37,Ladakh,North,67.86984788738295,52.64513814796707,62.49140293631508,49.53532619485715,53.953251000185006,65.07815614905394,67.5268045783291,56.02712579147349,50.38397614430713,68.39089129399336,63.06546474531216,51.384486795445774,59.50540237470502,49.3147271776455,39.76886939663029,1.023747721031295,0.0,0.0,0.0,0.0,9.929366741437862,0.0,0.0,2020
37,Ladakh,North,74.23654437806027,58.862302278825645,67.58459988265437,56.51563238753649,59.89434131546295,67.70048160675445,75.95758963420946,62.44186131914325,53.674359702493454,76.9669779179834,72.00032468010161,56.8421861323066,63.107404105106404,54.780858450613714,43.51910062939823,1.0949209397754152,0.0,0.0,0.0,0.0,11.378263139365606,0.0,0.0,2022
